complex_area,sch_code,sch_name,url,ProbableSuffix
Farrington-Kaiser-Kalani,100,Aina Haina Elem School,https://arch-prod-reports-repository.s3-us-west-1.amazonaws.com/ssir/2020/100SSIR-1.pdf,1
Kaimuki-McKinley-Roosevelt,101,Ala Wai Elem School,https://arch-prod-reports-repository.s3-us-west-1.amazonaws.com/ssir/2020/101SSIR-1.pdf,1
Kaimuki-McKinley-Roosevelt,102,Aliiolani Elem School,https://arch-prod-reports-repository.s3-us-west-1.amazonaws.com/ssir/2020/102SSIR-1.pdf,1
Kaimuki-McKinley-Roosevelt,103,Anuenue School,https://arch-prod-reports-repository.s3-us-west-1.amazonaws.com/ssir/2020/103SSIR-1.pdf,1
Kaimuki-McKinley-Roosevelt,104,Central Middle School,https://arch-prod-reports-repository.s3-us-west-1.amazonaws.com/ssir/2020/104SSIR-1.pdf,1
Farrington-Kaiser-Kalani,105,Dole Middle School,https://arch-prod-reports-repository.s3-us-west-1.amazonaws.com/ssir/2020/105SSIR-1.pdf,1
Farrington-Kaiser-Kalani,106,Farrington High School,https://arch-prod-reports-repository.s3-us-west-1.amazonaws.com/ssir/2020/106SSIR-1.pdf,1
Farrington-Kaiser-Kalani,107,Fern Elem School,https://arch-prod-reports-repository.s3-us-west-1.amazonaws.com/ssir/2020/107SSIR-1.pdf,1
Farrington-Kaiser-Kalani,108,Hahaione Elem School,https://arch-prod-reports-repository.s3-us-west-1.amazonaws.com/ssir/2020/108SSIR-1.pdf,1
Kaimuki-McKinley-Roosevelt,109,Hokulani Elem School,https://arch-prod-reports-repository.s3-us-west-1.amazonaws.com/ssir/2020/109SSIR-1.pdf,1
Kaimuki-McKinley-Roosevelt,110,Jarrett Middle School,https://arch-prod-reports-repository.s3-us-west-1.amazonaws.com/ssir/2020/110SSIR-1.pdf,1
Kaimuki-McKinley-Roosevelt,111,Jefferson Elem School,https://arch-prod-reports-repository.s3-us-west-1.amazonaws.com/ssir/2020/111SSIR-1.pdf,1
Kaimuki-McKinley-Roosevelt,112,Kaahumanu Elem School,https://arch-prod-reports-repository.s3-us-west-1.amazonaws.com/ssir/2020/112SSIR-1.pdf,1
Farrington-Kaiser-Kalani,113,Kaewai Elem School,https://arch-prod-reports-repository.s3-us-west-1.amazonaws.com/ssir/2020/113SSIR-1.pdf,1
Farrington-Kaiser-Kalani,114,Kahala Elem School,https://arch-prod-reports-repository.s3-us-west-1.amazonaws.com/ssir/2020/114SSIR-1.pdf,1
Kaimuki-McKinley-Roosevelt,115,Kaimuki High School,https://arch-prod-reports-repository.s3-us-west-1.amazonaws.com/ssir/2020/115SSIR-1.pdf,1
Farrington-Kaiser-Kalani,116,Kaimuki Middle School,https://arch-prod-reports-repository.s3-us-west-1.amazonaws.com/ssir/2020/116SSIR-1.pdf,1
Kaimuki-McKinley-Roosevelt,117,Kaiulani Elem School,https://arch-prod-reports-repository.s3-us-west-1.amazonaws.com/ssir/2020/117SSIR-1.pdf,1
Farrington-Kaiser-Kalani,118,Kalakaua Middle School,https://arch-prod-reports-repository.s3-us-west-1.amazonaws.com/ssir/2020/118SSIR-1.pdf,1
Farrington-Kaiser-Kalani,119,Kalani High School,https://arch-prod-reports-repository.s3-us-west-1.amazonaws.com/ssir/2020/119SSIR-1.pdf,1
Farrington-Kaiser-Kalani,120,Kalihi Elem School,https://arch-prod-reports-repository.s3-us-west-1.amazonaws.com/ssir/2020/120SSIR-1.pdf,1
Farrington-Kaiser-Kalani,121,Kalihi-Kai Elem School,https://arch-prod-reports-repository.s3-us-west-1.amazonaws.com/ssir/2020/121SSIR-1.pdf,1
Farrington-Kaiser-Kalani,122,Kalihi-Uka Elem School,https://arch-prod-reports-repository.s3-us-west-1.amazonaws.com/ssir/2020/122SSIR-1.pdf,1
Farrington-Kaiser-Kalani,123,Kalihi-Waena Elem School,https://arch-prod-reports-repository.s3-us-west-1.amazonaws.com/ssir/2020/123SSIR-1.pdf,1
Farrington-Kaiser-Kalani,124,Kapalama Elem School,https://arch-prod-reports-repository.s3-us-west-1.amazonaws.com/ssir/2020/124SSIR-1.pdf,1
Kaimuki-McKinley-Roosevelt,125,Kauluwela Elem School,https://arch-prod-reports-repository.s3-us-west-1.amazonaws.com/ssir/2020/125SSIR-1.pdf,1
Kaimuki-McKinley-Roosevelt,126,Kawananakoa Middle School,https://arch-prod-reports-repository.s3-us-west-1.amazonaws.com/ssir/2020/126SSIR-1.pdf,1
Farrington-Kaiser-Kalani,127,Koko Head Elem School,https://arch-prod-reports-repository.s3-us-west-1.amazonaws.com/ssir/2020/127SSIR-1.pdf,1
Kaimuki-McKinley-Roosevelt,128,Kuhio Elem School,https://arch-prod-reports-repository.s3-us-west-1.amazonaws.com/ssir/2020/128SSIR-1.pdf,1
Kaimuki-McKinley-Roosevelt,129,Lanakila Elem School,https://arch-prod-reports-repository.s3-us-west-1.amazonaws.com/ssir/2020/129SSIR-1.pdf,1
Farrington-Kaiser-Kalani,130,Liholiho Elem School,https://arch-prod-reports-repository.s3-us-west-1.amazonaws.com/ssir/2020/130SSIR-1.pdf,1
Kaimuki-McKinley-Roosevelt,131,Likelike Elem School,https://arch-prod-reports-repository.s3-us-west-1.amazonaws.com/ssir/2020/131SSIR-1.pdf,1
Farrington-Kaiser-Kalani,133,Linapuni Elem School,https://arch-prod-reports-repository.s3-us-west-1.amazonaws.com/ssir/2020/133SSIR-1.pdf,1
Kaimuki-McKinley-Roosevelt,134,Lincoln Elem School,https://arch-prod-reports-repository.s3-us-west-1.amazonaws.com/ssir/2020/134SSIR-1.pdf,1
Kaimuki-McKinley-Roosevelt,135,Lunalilo Elem School,https://arch-prod-reports-repository.s3-us-west-1.amazonaws.com/ssir/2020/135SSIR-1.pdf,1
Kaimuki-McKinley-Roosevelt,136,Maemae Elem School,https://arch-prod-reports-repository.s3-us-west-1.amazonaws.com/ssir/2020/136SSIR-1.pdf,1
Kaimuki-McKinley-Roosevelt,137,Manoa Elem School,https://arch-prod-reports-repository.s3-us-west-1.amazonaws.com/ssir/2020/137SSIR-1.pdf,1
Kaimuki-McKinley-Roosevelt,138,McKinley High School,https://arch-prod-reports-repository.s3-us-west-1.amazonaws.com/ssir/2020/138SSIR-1.pdf,1
Farrington-Kaiser-Kalani,139,Niu Valley Middle School,https://arch-prod-reports-repository.s3-us-west-1.amazonaws.com/ssir/2020/139SSIR-1.pdf,1
Kaimuki-McKinley-Roosevelt,140,Noelani Elem School,https://arch-prod-reports-repository.s3-us-west-1.amazonaws.com/ssir/2020/140SSIR-1.pdf,1
Kaimuki-McKinley-Roosevelt,141,Nuuanu Elem School,https://arch-prod-reports-repository.s3-us-west-1.amazonaws.com/ssir/2020/141SSIR-1.pdf,1
Kaimuki-McKinley-Roosevelt,142,Palolo Elem School,https://arch-prod-reports-repository.s3-us-west-1.amazonaws.com/ssir/2020/142SSIR-1.pdf,1
Kaimuki-McKinley-Roosevelt,143,Pauoa Elem School,https://arch-prod-reports-repository.s3-us-west-1.amazonaws.com/ssir/2020/143SSIR-1.pdf,1
Farrington-Kaiser-Kalani,145,Puuhale Elem School,https://arch-prod-reports-repository.s3-us-west-1.amazonaws.com/ssir/2020/145SSIR-1.pdf,1
Kaimuki-McKinley-Roosevelt,146,Roosevelt High School,https://arch-prod-reports-repository.s3-us-west-1.amazonaws.com/ssir/2020/146SSIR-1.pdf,1
Kaimuki-McKinley-Roosevelt,147,Royal Elem School,https://arch-prod-reports-repository.s3-us-west-1.amazonaws.com/ssir/2020/147SSIR-1.pdf,1
Kaimuki-McKinley-Roosevelt,148,Stevenson Middle School,https://arch-prod-reports-repository.s3-us-west-1.amazonaws.com/ssir/2020/148SSIR-1.pdf,1
Farrington-Kaiser-Kalani,150,Waikiki Elem School,https://arch-prod-reports-repository.s3-us-west-1.amazonaws.com/ssir/2020/150SSIR-1.pdf,1
Kaimuki-McKinley-Roosevelt,152,Washington Middle School,https://arch-prod-reports-repository.s3-us-west-1.amazonaws.com/ssir/2020/152SSIR-1.pdf,1
Farrington-Kaiser-Kalani,153,Wilson Elem School,https://arch-prod-reports-repository.s3-us-west-1.amazonaws.com/ssir/2020/153SSIR-1.pdf,1
Farrington-Kaiser-Kalani,154,Kaiser High School,https://arch-prod-reports-repository.s3-us-west-1.amazonaws.com/ssir/2020/154SSIR-1.pdf,1
Farrington-Kaiser-Kalani,155,Kamiloiki Elem School,https://arch-prod-reports-repository.s3-us-west-1.amazonaws.com/ssir/2020/155SSIR-1.pdf,1
Aiea-Moanalua-Radford,200,Aiea Elem School,https://arch-prod-reports-repository.s3-us-west-1.amazonaws.com/ssir/2020/200SSIR-2.pdf,2
Aiea-Moanalua-Radford,201,Aiea Inter School,https://arch-prod-reports-repository.s3-us-west-1.amazonaws.com/ssir/2020/201SSIR-2.pdf,2
Aiea-Moanalua-Radford,202,Aiea High School,https://arch-prod-reports-repository.s3-us-west-1.amazonaws.com/ssir/2020/202SSIR-2.pdf,2
Aiea-Moanalua-Radford,203,Aliamanu Elem School,https://arch-prod-reports-repository.s3-us-west-1.amazonaws.com/ssir/2020/203SSIR-2.pdf,2
Aiea-Moanalua-Radford,204,Aliamanu Middle School,https://arch-prod-reports-repository.s3-us-west-1.amazonaws.com/ssir/2020/204SSIR-2.pdf,2
Leilehua-Mililani-Waialua,206,Haleiwa Elem School,https://arch-prod-reports-repository.s3-us-west-1.amazonaws.com/ssir/2020/206SSIR-2.pdf,2
Leilehua-Mililani-Waialua,207,Inouye Elem School,https://arch-prod-reports-repository.s3-us-west-1.amazonaws.com/ssir/2020/207SSIR-2.pdf,2
Leilehua-Mililani-Waialua,208,Helemano Elem School,https://arch-prod-reports-repository.s3-us-west-1.amazonaws.com/ssir/2020/208SSIR-2.pdf,2
Aiea-Moanalua-Radford,209,Hickam Elem School,https://arch-prod-reports-repository.s3-us-west-1.amazonaws.com/ssir/2020/209SSIR-2.pdf,2
Leilehua-Mililani-Waialua,210,Iliahi Elem School,https://arch-prod-reports-repository.s3-us-west-1.amazonaws.com/ssir/2020/210SSIR-2.pdf,2
Leilehua-Mililani-Waialua,211,Kaala Elem School,https://arch-prod-reports-repository.s3-us-west-1.amazonaws.com/ssir/2020/211SSIR-2.pdf,2
Leilehua-Mililani-Waialua,212,Kipapa Elem School,https://arch-prod-reports-repository.s3-us-west-1.amazonaws.com/ssir/2020/212SSIR-2.pdf,2
Leilehua-Mililani-Waialua,214,Leilehua High School,https://arch-prod-reports-repository.s3-us-west-1.amazonaws.com/ssir/2020/214SSIR-2.pdf,2
Aiea-Moanalua-Radford,215,Makalapa Elem School,https://arch-prod-reports-repository.s3-us-west-1.amazonaws.com/ssir/2020/215SSIR-2.pdf,2
Leilehua-Mililani-Waialua,216,Mililani High School,https://arch-prod-reports-repository.s3-us-west-1.amazonaws.com/ssir/2020/216SSIR-2.pdf,2
Aiea-Moanalua-Radford,217,Moanalua Elem School,https://arch-prod-reports-repository.s3-us-west-1.amazonaws.com/ssir/2020/217SSIR-2.pdf,2
Aiea-Moanalua-Radford,218,Moanalua High School,https://arch-prod-reports-repository.s3-us-west-1.amazonaws.com/ssir/2020/218SSIR-2.pdf,2
Aiea-Moanalua-Radford,219,Moanalua Middle School,https://arch-prod-reports-repository.s3-us-west-1.amazonaws.com/ssir/2020/219SSIR-2.pdf,2
Aiea-Moanalua-Radford,220,Mokulele Elem School,https://arch-prod-reports-repository.s3-us-west-1.amazonaws.com/ssir/2020/220SSIR-2.pdf,2
Aiea-Moanalua-Radford,221,Nimitz Elem School,https://arch-prod-reports-repository.s3-us-west-1.amazonaws.com/ssir/2020/221SSIR-2.pdf,2
Aiea-Moanalua-Radford,222,Pearl Harbor Elem School,https://arch-prod-reports-repository.s3-us-west-1.amazonaws.com/ssir/2020/222SSIR-2.pdf,2
Aiea-Moanalua-Radford,223,Pearl Harbor Kai Elem School,https://arch-prod-reports-repository.s3-us-west-1.amazonaws.com/ssir/2020/223SSIR-2.pdf,2
Aiea-Moanalua-Radford,224,Radford High School,https://arch-prod-reports-repository.s3-us-west-1.amazonaws.com/ssir/2020/224SSIR-2.pdf,2
Aiea-Moanalua-Radford,225,Red Hill Elem School,https://arch-prod-reports-repository.s3-us-west-1.amazonaws.com/ssir/2020/225SSIR-2.pdf,2
Leilehua-Mililani-Waialua,226,Solomon Elem School,https://arch-prod-reports-repository.s3-us-west-1.amazonaws.com/ssir/2020/226SSIR-2.pdf,2
Aiea-Moanalua-Radford,227,Scott Elem School,https://arch-prod-reports-repository.s3-us-west-1.amazonaws.com/ssir/2020/227SSIR-2.pdf,2
Aiea-Moanalua-Radford,228,Shafter Elem School,https://arch-prod-reports-repository.s3-us-west-1.amazonaws.com/ssir/2020/228SSIR-2.pdf,2
Leilehua-Mililani-Waialua,229,Wahiawa Elem School,https://arch-prod-reports-repository.s3-us-west-1.amazonaws.com/ssir/2020/229SSIR-2.pdf,2
Leilehua-Mililani-Waialua,230,Wahiawa Middle School,https://arch-prod-reports-repository.s3-us-west-1.amazonaws.com/ssir/2020/230SSIR-2.pdf,2
Leilehua-Mililani-Waialua,231,Waialua Elem School,https://arch-prod-reports-repository.s3-us-west-1.amazonaws.com/ssir/2020/231SSIR-2.pdf,2
Leilehua-Mililani-Waialua,232,Waialua High & Inter School,https://arch-prod-reports-repository.s3-us-west-1.amazonaws.com/ssir/2020/232SSIR-2.pdf,2
Aiea-Moanalua-Radford,233,Waimalu Elem School,https://arch-prod-reports-repository.s3-us-west-1.amazonaws.com/ssir/2020/233SSIR-2.pdf,2
Leilehua-Mililani-Waialua,234,Mililani Waena Elem School,https://arch-prod-reports-repository.s3-us-west-1.amazonaws.com/ssir/2020/234SSIR-2.pdf,2
Aiea-Moanalua-Radford,235,Webling Elem School,https://arch-prod-reports-repository.s3-us-west-1.amazonaws.com/ssir/2020/235SSIR-2.pdf,2
Leilehua-Mililani-Waialua,236,Wheeler Elem School,https://arch-prod-reports-repository.s3-us-west-1.amazonaws.com/ssir/2020/236SSIR-2.pdf,2
Leilehua-Mililani-Waialua,237,Wheeler Middle School,https://arch-prod-reports-repository.s3-us-west-1.amazonaws.com/ssir/2020/237SSIR-2.pdf,2
Leilehua-Mililani-Waialua,238,Mililani Middle School,https://arch-prod-reports-repository.s3-us-west-1.amazonaws.com/ssir/2020/238SSIR-2.pdf,2
Aiea-Moanalua-Radford,239,Salt Lake Elem School,https://arch-prod-reports-repository.s3-us-west-1.amazonaws.com/ssir/2020/239SSIR-2.pdf,2
Leilehua-Mililani-Waialua,240,Mililani Ike Elem School,https://arch-prod-reports-repository.s3-us-west-1.amazonaws.com/ssir/2020/240SSIR-2.pdf,2
Leilehua-Mililani-Waialua,241,Mililani Mauka Elem School,https://arch-prod-reports-repository.s3-us-west-1.amazonaws.com/ssir/2020/241SSIR-2.pdf,2
Leilehua-Mililani-Waialua,242,Mililani Uka Elem School,https://arch-prod-reports-repository.s3-us-west-1.amazonaws.com/ssir/2020/242SSIR-2.pdf,2
Aiea-Moanalua-Radford,243,Pearl Ridge Elem School,https://arch-prod-reports-repository.s3-us-west-1.amazonaws.com/ssir/2020/243SSIR-2.pdf,2
Pearl City-Waipahu,250,August Ahrens Elem School,https://arch-prod-reports-repository.s3-us-west-1.amazonaws.com/ssir/2020/250SSIR-3.pdf,3
Campbell-Kapolei,251,Barbers Point Elem School,https://arch-prod-reports-repository.s3-us-west-1.amazonaws.com/ssir/2020/251SSIR-3.pdf,3
Campbell-Kapolei,252,Campbell High School,https://arch-prod-reports-repository.s3-us-west-1.amazonaws.com/ssir/2020/252SSIR-3.pdf,3
Campbell-Kapolei,253,Ewa Elem School,https://arch-prod-reports-repository.s3-us-west-1.amazonaws.com/ssir/2020/253SSIR-3.pdf,3
Campbell-Kapolei,254,Ewa Beach Elem School,https://arch-prod-reports-repository.s3-us-west-1.amazonaws.com/ssir/2020/254SSIR-3.pdf,3
Pearl City-Waipahu,255,Highlands Inter School,https://arch-prod-reports-repository.s3-us-west-1.amazonaws.com/ssir/2020/255SSIR-3.pdf,3
Campbell-Kapolei,256,Iroquois Point Elem School,https://arch-prod-reports-repository.s3-us-west-1.amazonaws.com/ssir/2020/256SSIR-3.pdf,3
Nanakuli-Waianae,257,Maili Elem School,https://arch-prod-reports-repository.s3-us-west-1.amazonaws.com/ssir/2020/257SSIR-3.pdf,3
Nanakuli-Waianae,258,Makaha Elem School,https://arch-prod-reports-repository.s3-us-west-1.amazonaws.com/ssir/2020/258SSIR-3.pdf,3
Campbell-Kapolei,259,Makakilo Elem School,https://arch-prod-reports-repository.s3-us-west-1.amazonaws.com/ssir/2020/259SSIR-3.pdf,3
Pearl City-Waipahu,260,Manana Elem School,https://arch-prod-reports-repository.s3-us-west-1.amazonaws.com/ssir/2020/260SSIR-3.pdf,3
Nanakuli-Waianae,261,Nanaikapono Elem School,https://arch-prod-reports-repository.s3-us-west-1.amazonaws.com/ssir/2020/261SSIR-3.pdf,3
Nanakuli-Waianae,262,Nanakuli Elem School,https://arch-prod-reports-repository.s3-us-west-1.amazonaws.com/ssir/2020/262SSIR-3.pdf,3
Nanakuli-Waianae,263,Nanakuli High & Inter School,https://arch-prod-reports-repository.s3-us-west-1.amazonaws.com/ssir/2020/263SSIR-3.pdf,3
Pearl City-Waipahu,264,Palisades Elem School,https://arch-prod-reports-repository.s3-us-west-1.amazonaws.com/ssir/2020/264SSIR-3.pdf,3
Pearl City-Waipahu,265,Pearl City Elem School,https://arch-prod-reports-repository.s3-us-west-1.amazonaws.com/ssir/2020/265SSIR-3.pdf,3
Pearl City-Waipahu,266,Pearl City High School,https://arch-prod-reports-repository.s3-us-west-1.amazonaws.com/ssir/2020/266SSIR-3.pdf,3
Pearl City-Waipahu,267,Pearl City Highlands Elem,https://arch-prod-reports-repository.s3-us-west-1.amazonaws.com/ssir/2020/267SSIR-3.pdf,3
Pearl City-Waipahu,268,Lehua Elem School,https://arch-prod-reports-repository.s3-us-west-1.amazonaws.com/ssir/2020/268SSIR-3.pdf,3
Campbell-Kapolei,269,Pohakea Elem School,https://arch-prod-reports-repository.s3-us-west-1.amazonaws.com/ssir/2020/269SSIR-3.pdf,3
Nanakuli-Waianae,270,Waianae Elem School,https://arch-prod-reports-repository.s3-us-west-1.amazonaws.com/ssir/2020/270SSIR-3.pdf,3
Nanakuli-Waianae,271,Leihoku Elem School,https://arch-prod-reports-repository.s3-us-west-1.amazonaws.com/ssir/2020/271SSIR-3.pdf,3
Nanakuli-Waianae,272,Waianae High School,https://arch-prod-reports-repository.s3-us-west-1.amazonaws.com/ssir/2020/272SSIR-3.pdf,3
Nanakuli-Waianae,273,Waianae Inter School,https://arch-prod-reports-repository.s3-us-west-1.amazonaws.com/ssir/2020/273SSIR-3.pdf,3
Pearl City-Waipahu,274,Waipahu Elem School,https://arch-prod-reports-repository.s3-us-west-1.amazonaws.com/ssir/2020/274SSIR-3.pdf,3
Pearl City-Waipahu,276,Honowai Elem School,https://arch-prod-reports-repository.s3-us-west-1.amazonaws.com/ssir/2020/276SSIR-3.pdf,3
Pearl City-Waipahu,277,Waipahu High School,https://arch-prod-reports-repository.s3-us-west-1.amazonaws.com/ssir/2020/277SSIR-3.pdf,3
Pearl City-Waipahu,278,Waipahu Inter School,https://arch-prod-reports-repository.s3-us-west-1.amazonaws.com/ssir/2020/278SSIR-3.pdf,3
Campbell-Kapolei,279,Ilima Inter School,https://arch-prod-reports-repository.s3-us-west-1.amazonaws.com/ssir/2020/279SSIR-3.pdf,3
Campbell-Kapolei,280,Holomua Elem School,https://arch-prod-reports-repository.s3-us-west-1.amazonaws.com/ssir/2020/280SSIR-3.pdf,3
Campbell-Kapolei,281,Kaimiloa Elem School,https://arch-prod-reports-repository.s3-us-west-1.amazonaws.com/ssir/2020/281SSIR-3.pdf,3
Campbell-Kapolei,282,Kapolei Elem School,https://arch-prod-reports-repository.s3-us-west-1.amazonaws.com/ssir/2020/282SSIR-3.pdf,3
Pearl City-Waipahu,283,Kanoelani Elem School,https://arch-prod-reports-repository.s3-us-west-1.amazonaws.com/ssir/2020/283SSIR-3.pdf,3
Pearl City-Waipahu,285,Momilani Elem School,https://arch-prod-reports-repository.s3-us-west-1.amazonaws.com/ssir/2020/285SSIR-3.pdf,3
Campbell-Kapolei,286,Mauka Lani Elem School,https://arch-prod-reports-repository.s3-us-west-1.amazonaws.com/ssir/2020/286SSIR-3.pdf,3
Pearl City-Waipahu,287,Kaleiopuu Elem School,https://arch-prod-reports-repository.s3-us-west-1.amazonaws.com/ssir/2020/287SSIR-3.pdf,3
Pearl City-Waipahu,288,Waiau Elem School,https://arch-prod-reports-repository.s3-us-west-1.amazonaws.com/ssir/2020/288SSIR-3.pdf,3
Pearl City-Waipahu,290,Waikele Elem School,https://arch-prod-reports-repository.s3-us-west-1.amazonaws.com/ssir/2020/290SSIR-3.pdf,3
Campbell-Kapolei,291,Kapolei Middle School,https://arch-prod-reports-repository.s3-us-west-1.amazonaws.com/ssir/2020/291SSIR-3.pdf,3
Campbell-Kapolei,292,Kapolei High School,https://arch-prod-reports-repository.s3-us-west-1.amazonaws.com/ssir/2020/292SSIR-3.pdf,3
Campbell-Kapolei,293,Hookele Elem School,https://arch-prod-reports-repository.s3-us-west-1.amazonaws.com/ssir/2020/293SSIR-3.pdf,3
Campbell-Kapolei,294,Keoneula Elem School,https://arch-prod-reports-repository.s3-us-west-1.amazonaws.com/ssir/2020/294SSIR-3.pdf,3
Campbell-Kapolei,296,Ewa Makai Middle School,https://arch-prod-reports-repository.s3-us-west-1.amazonaws.com/ssir/2020/296SSIR-3.pdf,3
Kailua-Kalaheo,300,Aikahi Elem School,https://arch-prod-reports-repository.s3-us-west-1.amazonaws.com/ssir/2020/300SSIR-4.pdf,4
Castle-Kahuku,301,Castle High School,https://arch-prod-reports-repository.s3-us-west-1.amazonaws.com/ssir/2020/301SSIR-4.pdf,4
Kailua-Kalaheo,302,Enchanted Lake Elem School,https://arch-prod-reports-repository.s3-us-west-1.amazonaws.com/ssir/2020/302SSIR-4.pdf,4
Castle-Kahuku,303,Hauula Elem School,https://arch-prod-reports-repository.s3-us-west-1.amazonaws.com/ssir/2020/303SSIR-4.pdf,4
Castle-Kahuku,304,Heeia Elem School,https://arch-prod-reports-repository.s3-us-west-1.amazonaws.com/ssir/2020/304SSIR-4.pdf,4
Castle-Kahuku,305,Kaaawa Elem School,https://arch-prod-reports-repository.s3-us-west-1.amazonaws.com/ssir/2020/305SSIR-4.pdf,4
Castle-Kahuku,306,Kahaluu Elem School,https://arch-prod-reports-repository.s3-us-west-1.amazonaws.com/ssir/2020/306SSIR-4.pdf,4
Castle-Kahuku,307,Kahuku High & Inter School,https://arch-prod-reports-repository.s3-us-west-1.amazonaws.com/ssir/2020/307SSIR-4.pdf,4
Kailua-Kalaheo,308,Kailua Elem School,https://arch-prod-reports-repository.s3-us-west-1.amazonaws.com/ssir/2020/308SSIR-4.pdf,4
Kailua-Kalaheo,309,Kailua High School,https://arch-prod-reports-repository.s3-us-west-1.amazonaws.com/ssir/2020/309SSIR-4.pdf,4
Kailua-Kalaheo,310,Kailua Inter School,https://arch-prod-reports-repository.s3-us-west-1.amazonaws.com/ssir/2020/310SSIR-4.pdf,4
Kailua-Kalaheo,311,Kainalu Elem School,https://arch-prod-reports-repository.s3-us-west-1.amazonaws.com/ssir/2020/311SSIR-4.pdf,4
Kailua-Kalaheo,312,Kalaheo High School,https://arch-prod-reports-repository.s3-us-west-1.amazonaws.com/ssir/2020/312SSIR-4.pdf,4
Castle-Kahuku,313,Kaneohe Elem School,https://arch-prod-reports-repository.s3-us-west-1.amazonaws.com/ssir/2020/313SSIR-4.pdf,4
Castle-Kahuku,314,Puohala Elem School,https://arch-prod-reports-repository.s3-us-west-1.amazonaws.com/ssir/2020/314SSIR-4.pdf,4
Castle-Kahuku,315,Kapunahala Elem School,https://arch-prod-reports-repository.s3-us-west-1.amazonaws.com/ssir/2020/315SSIR-4.pdf,4
Kailua-Kalaheo,317,Keolu Elem School,https://arch-prod-reports-repository.s3-us-west-1.amazonaws.com/ssir/2020/317SSIR-4.pdf,4
Castle-Kahuku,318,King Inter School,https://arch-prod-reports-repository.s3-us-west-1.amazonaws.com/ssir/2020/318SSIR-4.pdf,4
Castle-Kahuku,319,Laie Elem School,https://arch-prod-reports-repository.s3-us-west-1.amazonaws.com/ssir/2020/319SSIR-4.pdf,4
Kailua-Kalaheo,321,Maunawili Elem School,https://arch-prod-reports-repository.s3-us-west-1.amazonaws.com/ssir/2020/321SSIR-4.pdf,4
Kailua-Kalaheo,322,Mokapu Elem School,https://arch-prod-reports-repository.s3-us-west-1.amazonaws.com/ssir/2020/322SSIR-4.pdf,4
Castle-Kahuku,323,Parker Elem School,https://arch-prod-reports-repository.s3-us-west-1.amazonaws.com/ssir/2020/323SSIR-4.pdf,4
Kailua-Kalaheo,324,Pope Elem School,https://arch-prod-reports-repository.s3-us-west-1.amazonaws.com/ssir/2020/324SSIR-4.pdf,4
Castle-Kahuku,325,Sunset Beach Elem School,https://arch-prod-reports-repository.s3-us-west-1.amazonaws.com/ssir/2020/325SSIR-4.pdf,4
Castle-Kahuku,326,Waiahole Elem School,https://arch-prod-reports-repository.s3-us-west-1.amazonaws.com/ssir/2020/326SSIR-4.pdf,4
Kailua-Kalaheo,327,Waimanalo Elem & Inter School,https://arch-prod-reports-repository.s3-us-west-1.amazonaws.com/ssir/2020/327SSIR-4.pdf,4
Kailua-Kalaheo,330,Kaelepulu Elem School,https://arch-prod-reports-repository.s3-us-west-1.amazonaws.com/ssir/2020/330SSIR-4.pdf,4
Castle-Kahuku,331,Kahuku Elem School,https://arch-prod-reports-repository.s3-us-west-1.amazonaws.com/ssir/2020/331SSIR-4.pdf,4
Castle-Kahuku,335,Ahuimanu Elem School,https://arch-prod-reports-repository.s3-us-west-1.amazonaws.com/ssir/2020/335SSIR-4.pdf,4
Hilo-Waiakea,351,DeSilva Elem School,https://arch-prod-reports-repository.s3-us-west-1.amazonaws.com/ssir/2020/351SSIR-5.pdf,5
Hilo-Waiakea,352,Haaheo Elem School,https://arch-prod-reports-repository.s3-us-west-1.amazonaws.com/ssir/2020/352SSIR-5.pdf,5
Kau-Keaau-Pahoa,353,Keaau Elem School,https://arch-prod-reports-repository.s3-us-west-1.amazonaws.com/ssir/2020/353SSIR-5.pdf,5
Kau-Keaau-Pahoa,354,Keaau High School,https://arch-prod-reports-repository.s3-us-west-1.amazonaws.com/ssir/2020/354SSIR-5.pdf,5
Hilo-Waiakea,355,Hilo High School,https://arch-prod-reports-repository.s3-us-west-1.amazonaws.com/ssir/2020/355SSIR-5.pdf,5
Hilo-Waiakea,356,Hilo Inter School,https://arch-prod-reports-repository.s3-us-west-1.amazonaws.com/ssir/2020/356SSIR-5.pdf,5
Hilo-Waiakea,357,Hilo Union Elem School,https://arch-prod-reports-repository.s3-us-west-1.amazonaws.com/ssir/2020/357SSIR-5.pdf,5
Honokaa-Kealakehe-Kohala-Konawaena,358,Holualoa Elem School,https://arch-prod-reports-repository.s3-us-west-1.amazonaws.com/ssir/2020/358SSIR-5.pdf,5
Honokaa-Kealakehe-Kohala-Konawaena,359,Honaunau Elem School,https://arch-prod-reports-repository.s3-us-west-1.amazonaws.com/ssir/2020/359SSIR-5.pdf,5
Honokaa-Kealakehe-Kohala-Konawaena,360,Honokaa High & Inter School,https://arch-prod-reports-repository.s3-us-west-1.amazonaws.com/ssir/2020/360SSIR-5.pdf,5
Honokaa-Kealakehe-Kohala-Konawaena,361,Honokaa Elem School,https://arch-prod-reports-repository.s3-us-west-1.amazonaws.com/ssir/2020/361SSIR-5.pdf,5
Honokaa-Kealakehe-Kohala-Konawaena,363,Hookena Elem School,https://arch-prod-reports-repository.s3-us-west-1.amazonaws.com/ssir/2020/363SSIR-5.pdf,5
Hilo-Waiakea,365,Kalanianaole Elem & Inter,https://arch-prod-reports-repository.s3-us-west-1.amazonaws.com/ssir/2020/365SSIR-5.pdf,5
Honokaa-Kealakehe-Kohala-Konawaena,366,Kohala Middle School,https://arch-prod-reports-repository.s3-us-west-1.amazonaws.com/ssir/2020/366SSIR-5.pdf,5
Hilo-Waiakea,367,Kapiolani Elem School,https://arch-prod-reports-repository.s3-us-west-1.amazonaws.com/ssir/2020/367SSIR-5.pdf,5
Kau-Keaau-Pahoa,368,Kau High & Pahala Elem School,https://arch-prod-reports-repository.s3-us-west-1.amazonaws.com/ssir/2020/368SSIR-5.pdf,5
Hilo-Waiakea,369,Kaumana Elem School,https://arch-prod-reports-repository.s3-us-west-1.amazonaws.com/ssir/2020/369SSIR-5.pdf,5
Kau-Keaau-Pahoa,370,Keaau Middle School,https://arch-prod-reports-repository.s3-us-west-1.amazonaws.com/ssir/2020/370SSIR-5.pdf,5
Honokaa-Kealakehe-Kohala-Konawaena,371,Kahakai Elem School,https://arch-prod-reports-repository.s3-us-west-1.amazonaws.com/ssir/2020/371SSIR-5.pdf,5
Hilo-Waiakea,372,Keaukaha Elem School,https://arch-prod-reports-repository.s3-us-west-1.amazonaws.com/ssir/2020/372SSIR-5.pdf,5
Honokaa-Kealakehe-Kohala-Konawaena,373,Kohala High School,https://arch-prod-reports-repository.s3-us-west-1.amazonaws.com/ssir/2020/373SSIR-5.pdf,5
Honokaa-Kealakehe-Kohala-Konawaena,374,Konawaena High School,https://arch-prod-reports-repository.s3-us-west-1.amazonaws.com/ssir/2020/374SSIR-5.pdf,5
Honokaa-Kealakehe-Kohala-Konawaena,375,Konawaena Elem School,https://arch-prod-reports-repository.s3-us-west-1.amazonaws.com/ssir/2020/375SSIR-5.pdf,5
Honokaa-Kealakehe-Kohala-Konawaena,376,Konawaena Middle School,https://arch-prod-reports-repository.s3-us-west-1.amazonaws.com/ssir/2020/376SSIR-5.pdf,5
Honokaa-Kealakehe-Kohala-Konawaena,378,Ke Kula O Ehunuikaimalino,https://arch-prod-reports-repository.s3-us-west-1.amazonaws.com/ssir/2020/378SSIR-5.pdf,5
Kau-Keaau-Pahoa,379,Mountain View Elem School,https://arch-prod-reports-repository.s3-us-west-1.amazonaws.com/ssir/2020/379SSIR-5.pdf,5
Kau-Keaau-Pahoa,380,Naalehu Elem School,https://arch-prod-reports-repository.s3-us-west-1.amazonaws.com/ssir/2020/380SSIR-5.pdf,5
Kau-Keaau-Pahoa,381,Pahoa Elem School,https://arch-prod-reports-repository.s3-us-west-1.amazonaws.com/ssir/2020/381SSIR-5.pdf,5
Honokaa-Kealakehe-Kohala-Konawaena,382,Paauilo Elem & Inter School,https://arch-prod-reports-repository.s3-us-west-1.amazonaws.com/ssir/2020/382SSIR-5.pdf,5
Kau-Keaau-Pahoa,383,Pahoa High & Inter School,https://arch-prod-reports-repository.s3-us-west-1.amazonaws.com/ssir/2020/383SSIR-5.pdf,5
Hilo-Waiakea,384,Waiakea Elem School,https://arch-prod-reports-repository.s3-us-west-1.amazonaws.com/ssir/2020/384SSIR-5.pdf,5
Hilo-Waiakea,385,Waiakea Inter School,https://arch-prod-reports-repository.s3-us-west-1.amazonaws.com/ssir/2020/385SSIR-5.pdf,5
Hilo-Waiakea,386,Waiakeawaena Elem School,https://arch-prod-reports-repository.s3-us-west-1.amazonaws.com/ssir/2020/386SSIR-5.pdf,5
Honokaa-Kealakehe-Kohala-Konawaena,387,Waimea Elem School,https://arch-prod-reports-repository.s3-us-west-1.amazonaws.com/ssir/2020/387SSIR-5.pdf,5
Honokaa-Kealakehe-Kohala-Konawaena,388,Kealakehe Elem School,https://arch-prod-reports-repository.s3-us-west-1.amazonaws.com/ssir/2020/388SSIR-5.pdf,5
Hilo-Waiakea,389,Waiakea High School,https://arch-prod-reports-repository.s3-us-west-1.amazonaws.com/ssir/2020/389SSIR-5.pdf,5
Honokaa-Kealakehe-Kohala-Konawaena,390,Kealakehe Inter School,https://arch-prod-reports-repository.s3-us-west-1.amazonaws.com/ssir/2020/390SSIR-5.pdf,5
Kau-Keaau-Pahoa,391,Keonepoko Elem School,https://arch-prod-reports-repository.s3-us-west-1.amazonaws.com/ssir/2020/391SSIR-5.pdf,5
Honokaa-Kealakehe-Kohala-Konawaena,392,Kealakehe High School,https://arch-prod-reports-repository.s3-us-west-1.amazonaws.com/ssir/2020/392SSIR-5.pdf,5
Honokaa-Kealakehe-Kohala-Konawaena,393,Waikoloa School,https://arch-prod-reports-repository.s3-us-west-1.amazonaws.com/ssir/2020/393SSIR-5.pdf,5
Honokaa-Kealakehe-Kohala-Konawaena,395,Kohala Elem School,https://arch-prod-reports-repository.s3-us-west-1.amazonaws.com/ssir/2020/395SSIR-5.pdf,5
Baldwin-Kekaulike-Maui,400,Baldwin High School,https://arch-prod-reports-repository.s3-us-west-1.amazonaws.com/ssir/2020/400SSIR-6.pdf,6
Baldwin-Kekaulike-Maui,401,Haiku Elem School,https://arch-prod-reports-repository.s3-us-west-1.amazonaws.com/ssir/2020/401SSIR-6.pdf,6
Hana-Lahainaluna-Lanai-Molokai,402,Hana High & Elem School,https://arch-prod-reports-repository.s3-us-west-1.amazonaws.com/ssir/2020/402SSIR-6.pdf,6
Baldwin-Kekaulike-Maui,404,Iao Inter School,https://arch-prod-reports-repository.s3-us-west-1.amazonaws.com/ssir/2020/404SSIR-6.pdf,6
Baldwin-Kekaulike-Maui,405,Kahului Elem School,https://arch-prod-reports-repository.s3-us-west-1.amazonaws.com/ssir/2020/405SSIR-6.pdf,6
Hana-Lahainaluna-Lanai-Molokai,406,Kamehameha III Elem School,https://arch-prod-reports-repository.s3-us-west-1.amazonaws.com/ssir/2020/406SSIR-6.pdf,6
Hana-Lahainaluna-Lanai-Molokai,407,Kaunakakai Elem School,https://arch-prod-reports-repository.s3-us-west-1.amazonaws.com/ssir/2020/407SSIR-6.pdf,6
Baldwin-Kekaulike-Maui,409,Kihei Elem School,https://arch-prod-reports-repository.s3-us-west-1.amazonaws.com/ssir/2020/409SSIR-6.pdf,6
Hana-Lahainaluna-Lanai-Molokai,410,Kilohana Elem School,https://arch-prod-reports-repository.s3-us-west-1.amazonaws.com/ssir/2020/410SSIR-6.pdf,6
Baldwin-Kekaulike-Maui,412,Kula Elem School,https://arch-prod-reports-repository.s3-us-west-1.amazonaws.com/ssir/2020/412SSIR-6.pdf,6
Hana-Lahainaluna-Lanai-Molokai,413,Lahaina Inter School,https://arch-prod-reports-repository.s3-us-west-1.amazonaws.com/ssir/2020/413SSIR-6.pdf,6
Hana-Lahainaluna-Lanai-Molokai,414,Lahainaluna High School,https://arch-prod-reports-repository.s3-us-west-1.amazonaws.com/ssir/2020/414SSIR-6.pdf,6
Hana-Lahainaluna-Lanai-Molokai,415,Lanai High & Elem School,https://arch-prod-reports-repository.s3-us-west-1.amazonaws.com/ssir/2020/415SSIR-6.pdf,6
Baldwin-Kekaulike-Maui,416,Lihikai Elem School,https://arch-prod-reports-repository.s3-us-west-1.amazonaws.com/ssir/2020/416SSIR-6.pdf,6
Baldwin-Kekaulike-Maui,417,Makawao Elem School,https://arch-prod-reports-repository.s3-us-west-1.amazonaws.com/ssir/2020/417SSIR-6.pdf,6
Baldwin-Kekaulike-Maui,418,Maui High School,https://arch-prod-reports-repository.s3-us-west-1.amazonaws.com/ssir/2020/418SSIR-6.pdf,6
Hana-Lahainaluna-Lanai-Molokai,419,Maunaloa Elem School,https://arch-prod-reports-repository.s3-us-west-1.amazonaws.com/ssir/2020/419SSIR-6.pdf,6
Baldwin-Kekaulike-Maui,420,Kalama Inter School,https://arch-prod-reports-repository.s3-us-west-1.amazonaws.com/ssir/2020/420SSIR-6.pdf,6
Hana-Lahainaluna-Lanai-Molokai,421,Molokai High School,https://arch-prod-reports-repository.s3-us-west-1.amazonaws.com/ssir/2020/421SSIR-6.pdf,6
Baldwin-Kekaulike-Maui,422,Paia Elem School,https://arch-prod-reports-repository.s3-us-west-1.amazonaws.com/ssir/2020/422SSIR-6.pdf,6
Baldwin-Kekaulike-Maui,424,Waihee Elem School,https://arch-prod-reports-repository.s3-us-west-1.amazonaws.com/ssir/2020/424SSIR-6.pdf,6
Baldwin-Kekaulike-Maui,425,Wailuku Elem School,https://arch-prod-reports-repository.s3-us-west-1.amazonaws.com/ssir/2020/425SSIR-6.pdf,6
Baldwin-Kekaulike-Maui,426,Pukalani Elem School,https://arch-prod-reports-repository.s3-us-west-1.amazonaws.com/ssir/2020/426SSIR-6.pdf,6
Baldwin-Kekaulike-Maui,428,Maui Waena Inter School,https://arch-prod-reports-repository.s3-us-west-1.amazonaws.com/ssir/2020/428SSIR-6.pdf,6
Hana-Lahainaluna-Lanai-Molokai,429,Nahienaena Elem School,https://arch-prod-reports-repository.s3-us-west-1.amazonaws.com/ssir/2020/429SSIR-6.pdf,6
Baldwin-Kekaulike-Maui,430,Lokelani Inter School,https://arch-prod-reports-repository.s3-us-west-1.amazonaws.com/ssir/2020/430SSIR-6.pdf,6
Baldwin-Kekaulike-Maui,431,Kamalii Elem School,https://arch-prod-reports-repository.s3-us-west-1.amazonaws.com/ssir/2020/431SSIR-6.pdf,6
Baldwin-Kekaulike-Maui,433,Pomaikai Elem School,https://arch-prod-reports-repository.s3-us-west-1.amazonaws.com/ssir/2020/433SSIR-6.pdf,6
Hana-Lahainaluna-Lanai-Molokai,434,Molokai Middle School,https://arch-prod-reports-repository.s3-us-west-1.amazonaws.com/ssir/2020/434SSIR-6.pdf,6
Baldwin-Kekaulike-Maui,435,Kekaulike High School,https://arch-prod-reports-repository.s3-us-west-1.amazonaws.com/ssir/2020/435SSIR-6.pdf,6
Baldwin-Kekaulike-Maui,436,Puu Kukui Elem School,https://arch-prod-reports-repository.s3-us-west-1.amazonaws.com/ssir/2020/436SSIR-6.pdf,6
Kapaa-Kauai-Waimea,447,Kapaa Middle School,https://arch-prod-reports-repository.s3-us-west-1.amazonaws.com/ssir/2020/447SSIR-7.pdf,7
Kapaa-Kauai-Waimea,448,Kamakahelei Middle School,https://arch-prod-reports-repository.s3-us-west-1.amazonaws.com/ssir/2020/448SSIR-7.pdf,7
Kapaa-Kauai-Waimea,451,Eleele Elem School,https://arch-prod-reports-repository.s3-us-west-1.amazonaws.com/ssir/2020/451SSIR-7.pdf,7
Kapaa-Kauai-Waimea,452,Hanalei Elem School,https://arch-prod-reports-repository.s3-us-west-1.amazonaws.com/ssir/2020/452SSIR-7.pdf,7
Kapaa-Kauai-Waimea,453,Kalaheo Elem School,https://arch-prod-reports-repository.s3-us-west-1.amazonaws.com/ssir/2020/453SSIR-7.pdf,7
Kapaa-Kauai-Waimea,454,Kapaa Elem School,https://arch-prod-reports-repository.s3-us-west-1.amazonaws.com/ssir/2020/454SSIR-7.pdf,7
Kapaa-Kauai-Waimea,455,Kapaa High School,https://arch-prod-reports-repository.s3-us-west-1.amazonaws.com/ssir/2020/455SSIR-7.pdf,7
Kapaa-Kauai-Waimea,456,Kauai High School,https://arch-prod-reports-repository.s3-us-west-1.amazonaws.com/ssir/2020/456SSIR-7.pdf,7
Kapaa-Kauai-Waimea,457,Kaumualii Elem School,https://arch-prod-reports-repository.s3-us-west-1.amazonaws.com/ssir/2020/457SSIR-7.pdf,7
Kapaa-Kauai-Waimea,458,Kekaha Elem School,https://arch-prod-reports-repository.s3-us-west-1.amazonaws.com/ssir/2020/458SSIR-7.pdf,7
Kapaa-Kauai-Waimea,459,Kilauea Elem School,https://arch-prod-reports-repository.s3-us-west-1.amazonaws.com/ssir/2020/459SSIR-7.pdf,7
Kapaa-Kauai-Waimea,460,Koloa Elem School,https://arch-prod-reports-repository.s3-us-west-1.amazonaws.com/ssir/2020/460SSIR-7.pdf,7
Kapaa-Kauai-Waimea,461,Niihau High & Elem School,https://arch-prod-reports-repository.s3-us-west-1.amazonaws.com/ssir/2020/461SSIR-7.pdf,7
Kapaa-Kauai-Waimea,462,Waimea High School,https://arch-prod-reports-repository.s3-us-west-1.amazonaws.com/ssir/2020/462SSIR-7.pdf,7
Kapaa-Kauai-Waimea,463,Wilcox Elem School,https://arch-prod-reports-repository.s3-us-west-1.amazonaws.com/ssir/2020/463SSIR-7.pdf,7
Kapaa-Kauai-Waimea,464,Waimea Canyon School,https://arch-prod-reports-repository.s3-us-west-1.amazonaws.com/ssir/2020/464SSIR-7.pdf,7
Kapaa-Kauai-Waimea,466,Kula Aupuni Niihau - PCS,https://arch-prod-reports-repository.s3-us-west-1.amazonaws.com/ssir/2020/466SSIR-C.pdf,C
Farrington-Kaiser-Kalani,470,HI School for the Deaf & Blind,https://arch-prod-reports-repository.s3-us-west-1.amazonaws.com/ssir/2020/470SSIR-1.pdf,1
Kailua-Kalaheo,475,Olomana School,https://arch-prod-reports-repository.s3-us-west-1.amazonaws.com/ssir/2020/475SSIR-4.pdf,4
Farrington-Kaiser-Kalani,149,Waialae Elem School - PCS,FALSE,1
Nanakuli-Waianae,275,Kamaile Academy - PCS,FALSE,3
Campbell-Kapolei,297,Honouliuli Middle School,FALSE,
Kailua-Kalaheo,320,Kaohao Public Charter School,FALSE,4
Hilo-Waiakea,377,Laupahoehoe Community - PCS,FALSE,5
Honokaa-Kealakehe-Kohala-Konawaena,394,Waimea Middle School - PCS,FALSE,5
Hilo-Waiakea,396,Connections-PCS,FALSE,5
Honokaa-Kealakehe-Kohala-Konawaena,397,Kanu O Ka Aina - PCS,FALSE,5
Kau-Keaau-Pahoa,398,Na Wai Ola - PCS,FALSE,5
Honokaa-Kealakehe-Kohala-Konawaena,399,West Hawaii Explorations -PCS,FALSE,5
Hana-Lahainaluna-Lanai-Molokai,411,Kualapuu Elem School - PCS,FALSE,6
Kaimuki-McKinley-Roosevelt,540,Halau Ku Mana - PCS,FALSE,
Kaimuki-McKinley-Roosevelt,541,Voyager - PCS,FALSE,
Kaimuki-McKinley-Roosevelt,543,University Laboratory School,FALSE,
Kaimuki-McKinley-Roosevelt,544,Myron B. Thompson Academy,FALSE,
Nanakuli-Waianae,545,Ka Waihona O Ka Naauao - PCS,FALSE,
Castle-Kahuku,546,Hakipuu Learning Center - PCS,FALSE,
Castle-Kahuku,547,Ke Kula 'o Samuel M. Kamakau,FALSE,
Honokaa-Kealakehe-Kohala-Konawaena,548,Innovations - PCS,FALSE,
Hilo-Waiakea,549,Ke Ana Laahana-PCS,FALSE,
Kailua-Kalaheo,550,Malama Honua - PCS,FALSE,
Pearl City-Waipahu,551,Hawaii Technology Academy-PCS,FALSE,
Leilehua-Mililani-Waialua,553,Kamalani Academy PCS,FALSE,
Baldwin-Kekaulike-Maui,554,Kihei Charter School,FALSE,
Campbell-Kapolei,555,Kapolei Charter School PCS,FALSE,
Kapaa-Kauai-Waimea,556,Ke Kula Niihau O Kekaha-LPCS,FALSE,
Kau-Keaau-Pahoa,557,Kua O Ka La - NCPCS,FALSE,
Kapaa-Kauai-Waimea,558,Alaka'i O Kaua'i,FALSE,
Kau-Keaau-Pahoa,560,Volcano School of Arts & Sci,FALSE,
Kau-Keaau-Pahoa,561,HI Academy of Arts & Sci - PCS,FALSE,
Hilo-Waiakea,562,Ka Umeke Kaeo - PCS,FALSE,
Kau-Keaau-Pahoa,563,Ke Kula O Nawahiokalani Iki,FALSE,
Kapaa-Kauai-Waimea,564,Kanuikapono - PCS,FALSE,
Kapaa-Kauai-Waimea,565,Kawaikini NCPCS,FALSE,
Honokaa-Kealakehe-Kohala-Konawaena,566,Kona Pacific PCS,FALSE,
Farrington-Kaiser-Kalani,567,SEEQS - PCS,FALSE,
Campbell-Kapolei,568,DreamHouse 'Ewa Beach,FALSE,